ActivityID,LeadID,ActivityType,Subject,DueDate,Completed,Notes
A0001,L0033,Meeting,Customer-focused well-modulated open system,2025-06-14,False,Game tax common six collection. Fund world do ability city goal stay.
A0002,L0056,Follow-up,Extended local function,2025-06-17,False,Here direction doctor bed share perhaps foot.
A0003,L0115,Meeting,Stand-alone fresh-thinking paradigm,2025-04-02,False,Fight training expert student network night. Leg price pattern certainly none purpose cover.
A0004,L0163,Email,Profit-focused grid-enabled interface,2025-07-22,False,Art lot east.
A0005,L0073,Email,Decentralized real-time standardization,2025-06-12,True,Feel worker improve language Republican.
A0006,L0085,Follow-up,Realigned mission-critical strategy,2025-06-01,True,Interview senior community degree miss.
A0007,L0129,Email,Seamless client-driven definition,2025-08-02,False,Hard trouble its serious she general item. Region letter those.
A0008,L0155,Follow-up,Function-based bottom-line hub,2025-06-12,True,Management article answer type wife rate fall.
A0009,L0059,Follow-up,Programmable non-volatile hardware,2025-07-16,False,Whom information assume their effort strong. Hold meeting test ball act everyone company.
A0010,L0038,Follow-up,Secured directional forecast,2025-03-28,True,Recognize sea push care forget. Face fire million market per staff.
A0011,L0087,Demo,Inverse bifurcated Local Area Network,2025-03-31,True,Behavior care pattern page TV that small.
A0012,L0003,Demo,Distributed neutral knowledgebase,2025-03-19,True,Member rate mission.
A0013,L0109,Demo,Quality-focused composite leverage,2025-03-12,True,Actually trip way gas consumer picture main.
A0014,L0022,Call,Optimized mission-critical complexity,2025-06-13,True,Within behavior production him form science Mr. If care view focus deal fact nor.
A0015,L0023,Email,Enterprise-wide bifurcated focus group,2025-06-25,False,Feeling market history relate director popular walk. Try seat view lot fast five.
A0016,L0050,Call,Horizontal solution-oriented solution,2025-06-15,True,True step much education never occur police. Impact politics article finish.
A0017,L0188,Meeting,Realigned bi-directional encryption,2025-03-18,False,Social Republican group. From policy attorney bar single.
A0018,L0045,Follow-up,Customizable motivating parallelism,2025-07-10,True,Anything tree those where large think wish.
A0019,L0023,Follow-up,Synchronized composite capability,2025-07-02,True,Should tend clear reduce couple explain.
A0020,L0083,Call,Streamlined zero-defect focus group,2025-05-22,True,Magazine see early behavior theory.
A0021,L0077,Demo,Multi-tiered bottom-line access,2025-05-26,False,Court bank than day.
A0022,L0130,Call,User-centric mission-critical hierarchy,2025-05-10,False,Even feeling rule state well condition.
A0023,L0167,Meeting,Balanced bandwidth-monitored algorithm,2025-05-04,False,Article seek from safe reduce.
A0024,L0139,Follow-up,Sharable exuding model,2025-05-12,False,Ball step situation bag edge them even. Enter perform sure include.
A0025,L0056,Meeting,Enhanced asymmetric strategy,2025-03-23,True,Anyone same idea beautiful off able skill air.
A0026,L0012,Meeting,Grass-roots eco-centric focus group,2025-07-12,True,Wide blood establish rest.
A0027,L0054,Follow-up,Fundamental content-based framework,2025-03-17,False,National son produce thought company community drug.
A0028,L0184,Demo,Innovative hybrid orchestration,2025-08-03,True,Quality through identify trouble style society. Difference walk evidence.
A0029,L0155,Meeting,Intuitive homogeneous secured line,2025-03-13,True,But true necessary actually.
A0030,L0187,Follow-up,Re-engineered mission-critical budgetary management,2025-05-23,False,Relate pass record western else. Huge anyone one view movie.
A0031,L0006,Call,Organized bottom-line product,2025-03-25,False,Event against international red.
A0032,L0040,Email,Ameliorated heuristic infrastructure,2025-04-03,False,Memory news health effect market allow inside. Party great happy activity road degree study.
A0033,L0012,Call,Configurable scalable access,2025-05-12,False,Without enough east want.
A0034,L0173,Follow-up,Vision-oriented 6thgeneration groupware,2025-04-08,False,This have great response experience daughter card trial.
A0035,L0093,Email,Right-sized secondary process improvement,2025-06-19,False,Discussion culture anything hit might chair. Summer artist wife director.
A0036,L0178,Call,Organized asynchronous utilization,2025-05-31,False,Region account record force fill anyone star government. About Republican life get ability thank.
A0037,L0009,Meeting,Configurable neutral frame,2025-05-20,False,Able base sport prevent. Campaign care alone course report college growth.
A0038,L0051,Email,Customer-focused value-added open system,2025-03-23,True,Size better benefit hard over increase black collection. Evidence space yourself food.
A0039,L0045,Call,Secured even-keeled algorithm,2025-07-13,False,Seek ok help employee within prepare. Article herself ask easy sister plan huge.
A0040,L0101,Demo,Right-sized eco-centric methodology,2025-06-18,False,Green risk however whether free usually performance.
A0041,L0096,Follow-up,Total solution-oriented methodology,2025-08-01,False,Out near lawyer write develop ever. Education act agency especially.
A0042,L0067,Call,Diverse foreground adapter,2025-06-27,True,Money respond at.
A0043,L0200,Meeting,Balanced zero-defect firmware,2025-06-10,True,Avoid quite figure nice play way above. Hospital resource these born house music provide.
A0044,L0017,Meeting,Team-oriented high-level concept,2025-03-25,True,Success Congress quite stage song. Country character network continue against.
A0045,L0002,Meeting,Triple-buffered 3rdgeneration matrix,2025-04-10,False,Move fall politics appear plan. If institution by I.
A0046,L0081,Follow-up,Fundamental multi-state conglomeration,2025-05-17,True,Impact many service candidate mission eye feel. Pass face example computer tell either information people.
A0047,L0152,Call,Future-proofed dynamic protocol,2025-04-09,False,Loss campaign over. Force head left wall probably Republican.
A0048,L0071,Demo,Integrated tangible projection,2025-06-09,True,Detail range according Republican themselves southern baby say. Easy help recent.
A0049,L0035,Email,Mandatory web-enabled firmware,2025-05-25,False,Sister impact section kind try.
A0050,L0180,Call,Total 5thgeneration time-frame,2025-05-09,False,Base forward animal occur name answer result.
A0051,L0037,Email,Open-architected fresh-thinking data-warehouse,2025-06-11,False,Share product generation cold month.
A0052,L0135,Follow-up,Grass-roots stable encryption,2025-07-04,True,Husband your magazine foot specific receive.
A0053,L0068,Meeting,Profound 6thgeneration budgetary management,2025-05-14,False,Listen travel enter attention able machine thus. Rise debate cut agent media.
A0054,L0191,Demo,Robust directional Local Area Network,2025-05-04,True,Movement million weight together scientist coach.
A0055,L0089,Call,Horizontal intangible Graphic Interface,2025-06-07,False,Range certain garden lose poor health country modern.
A0056,L0059,Demo,Quality-focused intangible support,2025-04-12,True,Form would we society computer already.
A0057,L0128,Meeting,Secured multi-state implementation,2025-07-12,True,Offer return nature social building contain.
A0058,L0200,Follow-up,Down-sized asymmetric extranet,2025-06-24,True,Produce subject analysis.
A0059,L0033,Demo,Persistent system-worthy success,2025-06-19,True,Focus live individual management view. Congress majority trouble threat wall see.
A0060,L0091,Follow-up,Centralized homogeneous archive,2025-06-25,True,Challenge behind plant life focus matter hospital. Relate physical nearly case.
A0061,L0165,Meeting,Re-contextualized web-enabled framework,2025-07-28,True,Husband public PM on everything attack.
A0062,L0017,Call,Quality-focused high-level hierarchy,2025-05-17,True,Paper nice time mission network receive economic wall. Best note hear call on attorney price.
A0063,L0186,Call,Cross-group next generation task-force,2025-08-07,False,Reduce design travel rise eye. Sign resource exactly notice choose prevent.
A0064,L0052,Follow-up,Upgradable client-server open architecture,2025-04-06,False,Size watch across defense help whole government improve.
A0065,L0128,Call,Virtual contextually-based framework,2025-03-31,True,Page stay much figure. No deep gas standard marriage style candidate.
A0066,L0187,Call,Expanded stable encoding,2025-04-27,True,Sport voice great kind check like simple.
A0067,L0040,Demo,Function-based discrete time-frame,2025-04-24,True,Top pay board person guess realize person.
A0068,L0033,Follow-up,Realigned disintermediate monitoring,2025-06-19,False,Really book international mind pretty paper million.
A0069,L0074,Follow-up,Fundamental executive process improvement,2025-05-01,True,Live billion program always recognize environment. Half student suddenly up actually name fear.
A0070,L0198,Call,Persevering secondary structure,2025-07-01,False,Politics population national budget.
A0071,L0015,Call,Distributed regional Graphic Interface,2025-03-09,True,Hospital some make blue piece week hospital political. Toward under nation discover recently small second.
A0072,L0146,Demo,Up-sized content-based attitude,2025-04-11,False,List charge agency class dinner across.
A0073,L0195,Demo,Cross-group attitude-oriented interface,2025-07-08,True,Age right pull difference. Building after decade your keep.
A0074,L0073,Follow-up,Face-to-face dynamic paradigm,2025-06-26,False,Choice at since clear you more opportunity. Side natural least big while.
A0075,L0179,Email,Sharable neutral portal,2025-05-10,True,Necessary world next. Term guy something couple.
A0076,L0085,Follow-up,Operative next generation knowledge user,2025-06-13,False,Seek fund baby writer beat.
A0077,L0138,Email,Diverse holistic hardware,2025-03-11,False,Condition card watch too change east.
A0078,L0174,Meeting,Future-proofed analyzing utilization,2025-05-18,True,Watch stay similar experience move child rest understand.
A0079,L0132,Meeting,Customer-focused multimedia model,2025-07-08,False,Benefit imagine peace newspaper step course position. Wear movie whatever reach use soon.
A0080,L0021,Demo,Ameliorated context-sensitive utilization,2025-03-12,False,Officer TV author view. Attorney book across piece democratic glass whatever.
A0081,L0185,Meeting,Extended composite functionalities,2025-05-06,False,Smile ground your base life later available. Magazine section heavy area source else imagine fall.
A0082,L0123,Call,Reverse-engineered logistical collaboration,2025-05-31,True,Take grow including guess nor trial fly.
A0083,L0198,Call,Reduced content-based array,2025-04-25,False,Though direction issue state why learn policy individual.
A0084,L0060,Email,Total needs-based time-frame,2025-03-21,True,Other energy cold a alone believe plant. Effort senior call remain must.
A0085,L0041,Follow-up,Fully-configurable 4thgeneration installation,2025-05-21,True,Past develop million consider.
A0086,L0077,Meeting,Multi-layered secondary pricing structure,2025-03-27,False,Whole course improve.
A0087,L0101,Meeting,Exclusive national structure,2025-04-19,False,Dark senior arrive. Next huge scientist cover.
A0088,L0042,Meeting,Assimilated local capacity,2025-05-13,False,Different how get.
A0089,L0043,Call,Balanced composite synergy,2025-06-02,True,Way decision husband. Certain yes language evidence together.
A0090,L0141,Demo,Synergized systemic extranet,2025-06-28,False,Enjoy above impact message. Successful turn learn maybe.
A0091,L0072,Demo,Focused exuding knowledge user,2025-06-30,False,Kind explain authority reflect scientist fact industry pattern. Ready piece Democrat laugh college attack view fine.
A0092,L0188,Email,Multi-layered object-oriented initiative,2025-04-07,False,Arrive food war.
A0093,L0146,Email,Synergistic multi-state budgetary management,2025-07-16,True,Ahead you evidence peace.
A0094,L0129,Demo,Networked system-worthy flexibility,2025-05-16,True,When foreign well blue service.
A0095,L0120,Email,Quality-focused web-enabled portal,2025-04-01,True,Situation election attention source bad. Page way population.
A0096,L0177,Demo,Configurable scalable archive,2025-03-24,False,Without local at daughter subject.
A0097,L0198,Demo,Grass-roots non-volatile database,2025-07-01,False,Nor stand discussion new. Body investment tough camera ahead threat military campaign.
A0098,L0085,Email,Mandatory non-volatile collaboration,2025-04-10,True,Share laugh now tell perhaps.
A0099,L0023,Email,Networked multi-state utilization,2025-06-11,True,Player sell movement grow movement. Town full anything wife speech teach bit both.
A0100,L0099,Email,User-friendly holistic process improvement,2025-04-27,True,Class back difficult safe near world.
A0101,L0183,Demo,Configurable zero-defect core,2025-06-12,True,Note various employee. Country sound can lawyer.
A0102,L0088,Call,Assimilated hybrid task-force,2025-04-29,True,Themselves buy billion yard process. Store throughout line manage green close American.
A0103,L0016,Call,Advanced incremental Graphic Interface,2025-05-26,True,Rock hour also figure key occur. Language trial rest summer four go.
A0104,L0162,Demo,Virtual didactic encryption,2025-05-04,False,In throughout trip feeling civil important. Product gun stage whole.
A0105,L0056,Meeting,Expanded motivating attitude,2025-03-31,False,Talk final cell it practice commercial. Home nation high long every.
A0106,L0087,Follow-up,Exclusive client-server leverage,2025-06-28,True,Check allow list computer successful owner middle truth.
A0107,L0047,Follow-up,Up-sized analyzing utilization,2025-06-22,False,Rate mother successful upon risk. Account scientist such garden lawyer point woman.
A0108,L0153,Demo,Mandatory dynamic data-warehouse,2025-08-06,False,Thank happy once less maybe anything. Position also explain again partner mind.
A0109,L0071,Email,Profound bifurcated artificial intelligence,2025-05-08,True,Actually friend military likely.
A0110,L0124,Follow-up,Object-based optimizing encryption,2025-08-01,False,He common understand stage.
A0111,L0177,Email,Quality-focused mission-critical emulation,2025-06-22,False,Building mind carry our law onto.
A0112,L0114,Demo,Upgradable scalable groupware,2025-04-26,True,Per support that paper pay trouble cut.
A0113,L0117,Follow-up,Distributed bottom-line flexibility,2025-05-08,False,Structure you read.
A0114,L0153,Follow-up,Reactive radical application,2025-03-29,False,Cup page address wrong drop store evidence. Stay no something beautiful media.
A0115,L0138,Demo,Compatible even-keeled secured line,2025-07-09,False,Trouble give general hundred. Central many middle true win forget.
A0116,L0200,Call,Organic dedicated algorithm,2025-05-27,False,Federal oil wait season.
A0117,L0009,Demo,De-engineered executive migration,2025-05-06,True,Item education shake owner. Woman expert main.
A0118,L0032,Meeting,Adaptive mobile open architecture,2025-03-24,False,Station deep he.
A0119,L0003,Demo,Front-line interactive firmware,2025-05-25,False,Chair relationship friend every name full step. Voice message feeling government girl quality.
A0120,L0081,Call,Multi-channeled holistic knowledgebase,2025-06-08,True,Dinner career heart state. Apply member fire reduce father west deal above.
A0121,L0033,Call,Optimized modular array,2025-07-18,False,Term so collection all.
A0122,L0139,Call,Fully-configurable coherent Internet solution,2025-06-11,True,Mr upon case play yeah determine budget.
A0123,L0033,Follow-up,User-friendly bifurcated productivity,2025-03-17,True,Exactly continue order key forget.
A0124,L0035,Email,Implemented eco-centric contingency,2025-07-12,False,Maintain citizen age time watch arrive lay. Station decision Congress computer.
A0125,L0006,Meeting,User-centric context-sensitive system engine,2025-03-30,True,Former form owner local rate benefit lot.
A0126,L0012,Email,Switchable interactive orchestration,2025-03-28,True,Room nice degree reveal office stay health time.
A0127,L0050,Email,Enterprise-wide demand-driven Graphic Interface,2025-07-14,True,Space go area happen.
A0128,L0055,Follow-up,Self-enabling bifurcated complexity,2025-08-07,True,Note future total doctor.
A0129,L0048,Demo,Realigned needs-based standardization,2025-05-09,False,Establish indicate improve time only. Herself animal some pull partner game.
A0130,L0122,Meeting,Face-to-face bifurcated frame,2025-05-29,False,Tonight mission plant police stuff history most.
A0131,L0089,Meeting,Versatile motivating website,2025-07-14,True,Rest certain either college wife television. Degree total always scientist surface establish catch.
A0132,L0075,Call,Multi-tiered secondary focus group,2025-07-02,False,Material late theory agree produce lot trial will.
A0133,L0027,Email,Virtual scalable migration,2025-05-07,True,Create say require. Religious position animal but discussion media.
A0134,L0055,Demo,Distributed optimizing open system,2025-06-04,False,Administration bar vote ok car point while commercial. Music tax huge couple low whether hot.
A0135,L0198,Meeting,Robust zero administration emulation,2025-04-23,False,Beyond second recent left.
A0136,L0048,Demo,Re-engineered explicit solution,2025-05-07,False,Message up long upon happen ability which.
A0137,L0168,Meeting,Down-sized radical conglomeration,2025-04-01,False,Case miss sometimes. This score when always interesting.
A0138,L0166,Demo,Sharable intangible groupware,2025-07-21,True,Hospital best make reveal design.
A0139,L0121,Call,Down-sized 24/7 monitoring,2025-03-24,False,Seem able himself live employee. Newspaper them listen let fall.
A0140,L0138,Follow-up,Horizontal bottom-line project,2025-03-25,True,Voice the speak tonight three. Almost small senior admit.
A0141,L0085,Call,Networked fresh-thinking project,2025-03-27,True,Agreement with offer ask ready. Director manager learn.
A0142,L0109,Meeting,Persevering coherent open architecture,2025-07-29,True,Picture wait consider product after edge third know. We certainly PM represent.
A0143,L0045,Meeting,Versatile bi-directional extranet,2025-07-24,False,Deal purpose arm sell budget heart act. Manage need day behavior gas whole.
A0144,L0094,Follow-up,Fundamental even-keeled ability,2025-07-01,False,Part water avoid more present respond military. Street table occur range appear ok.
A0145,L0173,Meeting,Devolved attitude-oriented installation,2025-08-07,False,Music thus show.
A0146,L0191,Meeting,Seamless human-resource model,2025-05-22,False,Life when ball front then. Population network sea boy house finish rather.
A0147,L0043,Follow-up,Open-architected uniform matrix,2025-05-03,True,Common than soon protect.
A0148,L0171,Meeting,Up-sized multi-tasking encoding,2025-04-24,True,On thus consumer relate up close chance above. Newspaper side deep decade church activity.
A0149,L0023,Demo,Reactive impactful benchmark,2025-06-17,True,Sing write actually employee. Clearly program leg.
A0150,L0021,Email,Fully-configurable impactful protocol,2025-06-05,True,Interest state find state name compare. Spring learn cover natural situation we run thought.
A0151,L0089,Demo,Multi-channeled encompassing info-mediaries,2025-07-26,False,Owner society course policy special. Artist quality successful fast.
A0152,L0057,Email,User-friendly didactic analyzer,2025-04-15,True,Standard expect father remember enjoy identify can.
A0153,L0034,Follow-up,Mandatory empowering artificial intelligence,2025-07-15,False,Mind enjoy teacher will government direction best determine.
A0154,L0144,Demo,Optimized 24/7 service-desk,2025-04-14,True,Raise character perform she these meeting.
A0155,L0167,Call,Switchable 24hour portal,2025-03-27,False,Federal course over energy card. Travel south even suggest.
A0156,L0081,Email,Open-source fresh-thinking challenge,2025-04-05,False,Manager big bad fine week even. Half soldier customer wind audience discuss later.
A0157,L0069,Demo,Ergonomic interactive knowledge user,2025-04-02,True,Order family behind indicate program audience.
A0158,L0044,Follow-up,Object-based bottom-line throughput,2025-05-31,True,Grow successful care white.
A0159,L0169,Call,Right-sized system-worthy support,2025-07-14,True,Trade our suddenly several election decide discussion.
A0160,L0009,Meeting,Persistent multi-state frame,2025-07-26,False,Friend face street next.
A0161,L0121,Email,Seamless responsive matrix,2025-06-12,True,Have why moment become teach.
A0162,L0036,Meeting,Exclusive didactic firmware,2025-05-20,False,Get foot recent evening a condition. Stock hard religious not.
A0163,L0149,Meeting,Customizable context-sensitive capability,2025-07-31,True,Wonder share character increase strong coach third business.
A0164,L0081,Email,Multi-lateral 5thgeneration standardization,2025-06-21,True,Value data old popular quickly quality right. One itself small assume become sister model option.
A0165,L0064,Meeting,Customer-focused even-keeled monitoring,2025-06-12,False,Popular single themselves more condition. Long until save last his back.
A0166,L0029,Follow-up,Team-oriented stable alliance,2025-05-02,True,Risk fall nothing find play under study. How happen majority drop worker.
A0167,L0144,Email,Horizontal stable task-force,2025-07-28,True,History fine rule serious even party blood. Become become certain man day one.
A0168,L0164,Follow-up,Sharable 6thgeneration project,2025-06-04,True,Half computer score serve.
A0169,L0082,Demo,Innovative even-keeled Local Area Network,2025-03-22,False,Onto or Congress why safe.
A0170,L0093,Email,Extended 24hour website,2025-04-18,True,Treat decade near idea able.
A0171,L0055,Demo,Expanded asymmetric portal,2025-06-11,False,Record data wide able.
A0172,L0072,Demo,Phased human-resource installation,2025-05-11,True,Value significant thought painting low clearly doctor. Media seem life church audience ever on.
A0173,L0115,Email,Profound homogeneous frame,2025-04-24,False,Happen study couple together. Become Congress center road.
A0174,L0133,Call,Re-contextualized client-driven emulation,2025-05-07,True,Positive present much anyone talk within return.
A0175,L0088,Demo,User-centric uniform orchestration,2025-05-31,True,Evidence building identify road keep. Market sister daughter company.
A0176,L0026,Follow-up,Fully-configurable grid-enabled protocol,2025-07-26,True,Book subject level art those. Really almost drive prevent phone language buy door.
A0177,L0045,Call,Persistent 4thgeneration intranet,2025-06-15,True,Recognize house would guy every. Drop dark special reflect bill me.
A0178,L0070,Demo,Automated object-oriented middleware,2025-03-26,True,Turn control position degree station practice. Admit machine fight everybody pressure.
A0179,L0019,Call,Enterprise-wide didactic secured line,2025-05-11,True,Sit task from over choice. Television city million light sister our top.
A0180,L0005,Email,Assimilated client-server analyzer,2025-03-24,True,Himself chance wall knowledge summer add discover according.
A0181,L0032,Call,Reactive actuating groupware,2025-05-06,True,Sort some member on.
A0182,L0021,Call,Up-sized neutral system engine,2025-03-31,False,Argue put person month manager sound force government. As member national thousand.
A0183,L0096,Meeting,Horizontal systematic implementation,2025-06-01,True,Note it forget bad. Before base officer yard around.
A0184,L0114,Demo,Polarized hybrid database,2025-07-09,True,Democratic involve true yeah. Low find clear note.
A0185,L0110,Email,Stand-alone uniform strategy,2025-03-25,False,Later meeting outside ten investment bed painting finish.
A0186,L0051,Follow-up,Virtual 6thgeneration architecture,2025-06-13,False,Father that serve fire civil face democratic. Use other kid from.
A0187,L0083,Call,Centralized executive toolset,2025-04-05,False,Include include major pick.
A0188,L0045,Meeting,Enhanced eco-centric installation,2025-04-06,False,Region idea a boy. Most with animal market they idea eat.
A0189,L0154,Call,Public-key encompassing Graphic Interface,2025-03-15,True,Soldier such day teach off expert common of. Rule upon wait realize specific keep.
A0190,L0172,Email,Digitized client-driven analyzer,2025-06-28,True,Event fire write coach. Popular nice employee alone recognize after charge.
A0191,L0132,Follow-up,Phased secondary interface,2025-03-10,False,Those nothing every top employee. Ever identify idea should apply station.
A0192,L0192,Email,User-centric didactic open system,2025-05-03,False,Safe right event edge far.
A0193,L0029,Meeting,Cloned next generation Internet solution,2025-03-24,False,Unit somebody rate site worry respond. Magazine this either kid thing article skin.
A0194,L0191,Email,Quality-focused multi-state synergy,2025-05-26,True,Mrs old adult security spring art option.
A0195,L0009,Email,Team-oriented empowering standardization,2025-04-07,False,Everybody station treat ask.
A0196,L0031,Email,Decentralized regional matrices,2025-04-24,True,State more win treatment.
A0197,L0034,Email,Decentralized optimizing moderator,2025-04-27,False,Among agreement game shake.
A0198,L0020,Follow-up,Cloned homogeneous complexity,2025-03-27,False,Give soldier support season tonight. Glass everyone common.
A0199,L0021,Email,Focused web-enabled algorithm,2025-03-15,True,Mother ground serve else section.
A0200,L0133,Follow-up,Synergized 4thgeneration focus group,2025-07-06,True,Painting new lead.
A0201,L0174,Follow-up,Right-sized actuating application,2025-06-04,False,Partner career feeling be such red door. Political society tree.
A0202,L0174,Follow-up,Automated demand-driven contingency,2025-05-20,False,Mention society treatment follow beautiful.
A0203,L0159,Meeting,Open-architected dedicated moderator,2025-03-11,False,Sport drop just nor. Research huge back lose.
A0204,L0133,Demo,Proactive holistic orchestration,2025-07-10,True,Far possible eight suggest few claim. Huge again without support great wonder try.
A0205,L0144,Demo,Down-sized cohesive time-frame,2025-08-01,False,Necessary less next reveal strategy do list glass. Evidence ahead want stop stock draw until seat.
A0206,L0193,Demo,Function-based directional system engine,2025-06-23,True,Let forward trouble.
A0207,L0132,Follow-up,Future-proofed multimedia artificial intelligence,2025-07-10,True,Future various face bank bill.
A0208,L0035,Call,Optimized global moratorium,2025-07-26,True,Daughter face off believe resource. Note sort spend away.
A0209,L0044,Follow-up,Managed radical project,2025-04-24,True,Exist buy simply develop nor.
A0210,L0136,Email,Persistent tangible access,2025-05-25,False,Nature evidence second prepare Congress rock specific. Kid Congress here between senior true.
A0211,L0195,Meeting,Cross-group optimizing portal,2025-07-13,True,Executive oil past his economy. Prepare who cost drop growth.
A0212,L0073,Demo,Ameliorated neutral emulation,2025-05-15,True,Evidence space five base computer. Wife different amount last center million.
A0213,L0172,Meeting,Proactive 24hour implementation,2025-07-26,True,Guess movement poor different tax for.
A0214,L0019,Follow-up,Reactive actuating system engine,2025-04-10,True,Sell knowledge want stand.
A0215,L0193,Follow-up,Organic 5thgeneration matrices,2025-07-14,False,Wife theory PM same baby. Since name care fight throw.
A0216,L0093,Email,Adaptive full-range database,2025-03-24,True,Reduce film exist property free.
A0217,L0162,Demo,Cloned coherent moratorium,2025-07-22,False,Per story reason score.
A0218,L0146,Demo,Re-engineered hybrid throughput,2025-06-08,True,Agreement party pull box image. Outside design subject face.
A0219,L0088,Meeting,Innovative systematic contingency,2025-07-23,True,Experience role animal specific moment answer. Very year front.
A0220,L0054,Meeting,Vision-oriented dedicated strategy,2025-06-07,False,Push case church meet development less.
A0221,L0057,Follow-up,Grass-roots bifurcated extranet,2025-03-13,True,Yet both travel big kitchen ahead beat away.
A0222,L0188,Demo,Expanded empowering matrices,2025-04-15,True,Her message audience positive sort appear have race. Like individual despite husband.
A0223,L0122,Meeting,Team-oriented optimal standardization,2025-07-31,False,Rest wear everybody build probably. Trial now section support would.
A0224,L0118,Email,Visionary system-worthy artificial intelligence,2025-05-29,True,Explain hold consider report. Support at there true pay.
A0225,L0160,Meeting,Self-enabling multi-state moderator,2025-07-24,True,Anything year agree rate trouble trial. Once reality look cover.
A0226,L0134,Demo,Function-based zero administration ability,2025-05-27,False,Big each ground interesting agency. Total agency type.
A0227,L0005,Meeting,De-engineered 4thgeneration forecast,2025-05-13,True,Car society be heart inside.
A0228,L0198,Demo,User-friendly clear-thinking Internet solution,2025-07-19,True,Right half pretty ahead. Just measure each couple record.
A0229,L0160,Follow-up,Monitored zero tolerance throughput,2025-08-07,False,Prevent grow offer laugh drug.
A0230,L0144,Call,Multi-tiered actuating system engine,2025-05-21,True,Inside American measure remember first.
A0231,L0100,Follow-up,User-centric global moratorium,2025-05-14,True,Mrs perhaps black last. Realize suffer all.
A0232,L0138,Meeting,Progressive contextually-based portal,2025-03-10,True,Discover fire common staff education must.
A0233,L0040,Call,Automated scalable core,2025-03-31,True,Training her quickly type society.
A0234,L0124,Call,Fully-configurable web-enabled circuit,2025-06-13,False,Yeah institution senior newspaper couple. Learn share though somebody event city whatever four.
A0235,L0079,Follow-up,Extended modular customer loyalty,2025-04-13,False,Opportunity think way.
A0236,L0199,Follow-up,Progressive empowering Graphic Interface,2025-04-03,False,Which phone guy into arm fall.
A0237,L0001,Follow-up,Cross-platform exuding encryption,2025-06-28,True,Discussion practice mind shake several. Ten prevent try low.
A0238,L0117,Follow-up,Seamless contextually-based system engine,2025-07-04,False,Need hard increase admit forget major table.
A0239,L0063,Meeting,Progressive heuristic info-mediaries,2025-05-08,False,Term born detail yet.
A0240,L0027,Call,Business-focused national workforce,2025-04-26,True,Always begin difficult own want.
A0241,L0042,Email,Polarized asymmetric info-mediaries,2025-04-20,False,Prevent training show audience ground.
A0242,L0145,Email,Operative needs-based benchmark,2025-03-10,True,Owner campaign second total camera would head. Six protect need possible else degree lead.
A0243,L0145,Demo,Down-sized analyzing knowledge user,2025-07-05,True,Memory health these series. Seat partner soldier decide read water story.
A0244,L0080,Email,Team-oriented incremental forecast,2025-03-11,False,Recently another pass allow plant type. Water lot simply return tonight idea.
A0245,L0172,Demo,Multi-channeled homogeneous contingency,2025-06-26,False,Cup meet event stock police fast friend.
A0246,L0185,Call,Organic tertiary intranet,2025-05-20,True,Hair bank control.
A0247,L0053,Follow-up,Focused stable collaboration,2025-04-10,True,Board lot cause all answer huge turn.
A0248,L0022,Demo,Upgradable non-volatile implementation,2025-04-19,True,Type institution night theory window poor difference. Employee behind service well garden indeed wait.
A0249,L0137,Demo,Realigned foreground matrix,2025-07-26,True,Land third suffer hard idea gas catch. Significant many career office economy Democrat several.
A0250,L0054,Follow-up,Operative mobile database,2025-05-17,False,Actually newspaper state lay simply house. Accept writer statement often at report court.
A0251,L0077,Call,Fundamental radical task-force,2025-06-27,True,Represent tend return cut cost reduce stand drop. All several director student.
A0252,L0018,Meeting,Ergonomic local focus group,2025-05-27,False,Current provide rich produce. Visit seat ago school herself however avoid technology.
A0253,L0037,Email,Customizable regional projection,2025-05-29,True,Certainly be occur pressure think. Could stage total administration nor order.
A0254,L0018,Demo,Adaptive heuristic workforce,2025-05-11,True,Choose finally tax current. Daughter development ability which another some education.
A0255,L0132,Meeting,User-friendly intermediate help-desk,2025-04-28,False,Husband level soldier accept leader local.
A0256,L0051,Follow-up,Virtual impactful attitude,2025-07-19,False,Room central up concern article miss cell. Challenge smile ten glass.
A0257,L0151,Demo,Fundamental responsive encryption,2025-05-21,False,Remain sport rule detail window.
A0258,L0188,Email,Stand-alone interactive instruction set,2025-04-22,False,Important drive book contain hotel voice figure few. Treat director country data art.
A0259,L0035,Email,Up-sized maximized installation,2025-07-01,True,Skin nearly describe.
A0260,L0105,Demo,Upgradable zero-defect help-desk,2025-05-30,False,Lay kitchen several here open still.
A0261,L0065,Meeting,Inverse holistic moratorium,2025-08-03,False,Industry they forget however teach. Democrat commercial whatever rather.
A0262,L0090,Call,Devolved multi-tasking array,2025-07-11,True,Girl debate believe sign customer listen kid.
A0263,L0055,Demo,Synchronized systemic Graphical User Interface,2025-06-10,True,Thank front professional though husband interview. Prove factor about position.
A0264,L0114,Demo,Implemented full-range hub,2025-04-05,True,Party happen list on perhaps concern. Hundred hundred throw leave book his goal.
A0265,L0173,Email,Enhanced national moratorium,2025-05-14,True,Treatment information go occur language. Man note politics.
A0266,L0114,Follow-up,Inverse transitional policy,2025-07-26,False,Such this space chair focus. President fear father opportunity detail story amount.
A0267,L0123,Call,Optimized methodical definition,2025-05-09,True,Policy around challenge look technology.
A0268,L0058,Call,Proactive cohesive hub,2025-08-06,True,Owner himself become.
A0269,L0137,Demo,Customizable grid-enabled Graphic Interface,2025-06-21,True,Recently water three measure address commercial street product.
A0270,L0036,Email,Stand-alone needs-based algorithm,2025-08-06,False,War against day key. House stay dinner realize.
A0271,L0099,Meeting,Upgradable zero-defect pricing structure,2025-03-22,True,Health you fly series. Direction couple cell end figure environmental.
A0272,L0150,Follow-up,Fully-configurable maximized groupware,2025-04-22,False,Value either already far page.
A0273,L0009,Email,Fully-configurable radical challenge,2025-06-11,False,Type figure from security sit week bag.
A0274,L0143,Demo,Right-sized analyzing help-desk,2025-03-11,True,Wide natural site approach trade run. Name interest perhaps consumer simply everything mean.
A0275,L0003,Meeting,Digitized fault-tolerant software,2025-07-25,False,Election hotel office phone think charge.
A0276,L0050,Meeting,Right-sized background help-desk,2025-07-16,False,Majority catch fire against lawyer until argue. Station dream alone box today.
A0277,L0032,Email,Streamlined secondary structure,2025-04-28,False,Factor eight agree whose. Film walk clearly since audience figure behind.
A0278,L0076,Demo,Innovative encompassing knowledgebase,2025-06-25,False,Toward wrong offer painting whom state example. Bill talk style.
A0279,L0160,Demo,User-centric optimizing methodology,2025-07-21,True,Add forward simply structure school imagine. Almost put drug science door take new service.
A0280,L0008,Call,User-friendly multimedia paradigm,2025-04-30,True,Bed them pull player range TV simply. Money affect per great.
A0281,L0134,Meeting,Synergistic 4thgeneration emulation,2025-06-04,False,Top option small section.
A0282,L0119,Call,Open-source bi-directional hardware,2025-08-06,True,Save hand why compare. Back image anything land picture suddenly situation.
A0283,L0121,Email,Reverse-engineered composite hub,2025-04-24,True,Ahead country own air fish. Service responsibility time sure bit.
A0284,L0074,Demo,Synergistic foreground structure,2025-07-09,False,Stuff eight everybody according sport single.
A0285,L0010,Email,Customizable maximized throughput,2025-04-23,False,Real yard report force main paper. Economy language American culture community.
A0286,L0147,Demo,Multi-tiered value-added secured line,2025-06-02,False,City important analysis there real attention.
A0287,L0009,Email,Re-contextualized local data-warehouse,2025-08-04,True,Hold pattern maybe away impact eight. Enjoy company pattern international actually each.
A0288,L0128,Follow-up,Total responsive customer loyalty,2025-05-11,True,Bring hold drop new example on.
A0289,L0056,Email,Public-key multi-state emulation,2025-06-04,False,Beat production report chair store. Civil expert last large not certainly.
A0290,L0085,Call,Up-sized impactful pricing structure,2025-05-23,False,Without look father sure environment. Statement science forget police argue ok difficult.
A0291,L0129,Call,Expanded 4thgeneration implementation,2025-07-23,False,Same start least population.
A0292,L0183,Follow-up,Organized well-modulated flexibility,2025-04-14,True,Rest point religious occur study room. President cultural their cultural security source.
A0293,L0015,Follow-up,Phased intermediate array,2025-04-27,True,Learn fine speak easy head similar. To month art could bank ability.
A0294,L0101,Email,Quality-focused tertiary encoding,2025-04-01,True,Young sea travel tax. Challenge blood most herself report side.
A0295,L0066,Email,Profound upward-trending array,2025-06-19,True,While view country think eye might color.
A0296,L0006,Meeting,Open-source empowering contingency,2025-06-22,False,Soldier positive name their stop. Box agree maybe.
A0297,L0089,Demo,Synergized tertiary middleware,2025-07-21,True,Officer guy leader. Back hot himself she series toward month.
A0298,L0098,Demo,Fundamental eco-centric superstructure,2025-04-21,False,Player sport less determine everybody. Probably among energy.
A0299,L0025,Follow-up,Face-to-face web-enabled capacity,2025-05-28,False,Woman oil add series meeting something.
A0300,L0164,Call,User-centric analyzing circuit,2025-06-15,False,Learn ability among sense. Trip along police focus would grow analysis final.
A0301,L0059,Email,User-friendly static hub,2025-06-24,False,Course significant money key president. Wish project actually send.
A0302,L0003,Call,Automated multimedia moderator,2025-07-03,True,Lay stage arm several. Whom product two author kind.
A0303,L0111,Follow-up,Cloned neutral archive,2025-03-14,True,Court message let tax nice doctor. Range current responsibility cost join collection bar letter.
A0304,L0088,Follow-up,Organic 4thgeneration encryption,2025-05-24,False,Situation ground close computer use Republican agent. Career main sense base.
A0305,L0200,Demo,Profit-focused needs-based budgetary management,2025-03-22,False,Left will including evening. Officer go pick more fire there.
A0306,L0059,Call,Reduced methodical workforce,2025-05-15,False,Action political color think ten area.
A0307,L0148,Email,Universal zero administration open architecture,2025-07-14,True,Factor shake either explain record. Offer natural herself force summer.
A0308,L0196,Call,Persistent zero administration model,2025-06-25,True,Help risk land child hot would cover.
A0309,L0140,Meeting,Fully-configurable needs-based focus group,2025-07-24,False,Glass itself agency. Community similar anything.
A0310,L0010,Meeting,Automated local groupware,2025-06-06,False,Career thought which condition hope. Born manage society popular.
A0311,L0066,Email,De-engineered well-modulated initiative,2025-06-22,True,Game push doctor wear. Final would view report public.
A0312,L0063,Call,Automated disintermediate concept,2025-06-11,False,Full answer base fly sit.
A0313,L0025,Follow-up,Virtual interactive hierarchy,2025-03-30,True,Not water break trade describe production certainly hit. Page task bad situation suffer hope character speech.
A0314,L0158,Demo,Realigned executive secured line,2025-04-13,True,She style issue some player. Someone go begin state sure home heavy.
A0315,L0078,Follow-up,Sharable value-added function,2025-06-05,True,Short how bad but above hair.
A0316,L0119,Email,Fundamental zero administration framework,2025-04-22,True,Kid finally card best happen whole everybody. Perform low style direction deal month according.
A0317,L0191,Email,Realigned user-facing concept,2025-06-26,False,Goal seat look market he continue.
A0318,L0176,Call,Exclusive leadingedge Internet solution,2025-06-11,False,Scene local expect single. Fly road organization.
A0319,L0131,Meeting,Secured value-added policy,2025-07-07,False,Model leader approach technology would side.
A0320,L0019,Email,Cross-platform local architecture,2025-04-29,False,Military operation center team their whose fire above.
A0321,L0178,Email,Function-based secondary task-force,2025-06-09,False,Free we half you. Large near morning change interesting.
A0322,L0165,Follow-up,Centralized 4thgeneration utilization,2025-04-05,False,Continue experience fly during high road. Individual card accept entire floor.
A0323,L0198,Demo,Horizontal fresh-thinking parallelism,2025-07-04,True,Response friend reflect piece agreement. Animal law on agree.
A0324,L0154,Call,Phased systemic budgetary management,2025-04-06,True,Class bit risk treatment this work.
A0325,L0156,Call,Future-proofed stable synergy,2025-07-11,True,Admit concern and hard garden support very.
A0326,L0059,Meeting,Horizontal 6thgeneration circuit,2025-03-27,False,Upon poor sit discuss then manage hard.
A0327,L0135,Email,Reverse-engineered discrete conglomeration,2025-05-28,False,Else between author dog explain. Education thus technology tonight have international.
A0328,L0181,Demo,Re-contextualized zero tolerance extranet,2025-05-15,True,Right current explain parent. High job most build.
A0329,L0051,Demo,Balanced bi-directional methodology,2025-07-20,False,Opportunity attack mean quality.
A0330,L0080,Demo,Multi-channeled zero administration open architecture,2025-08-03,True,Smile huge bar trip ok today word.
A0331,L0001,Follow-up,Pre-emptive composite interface,2025-05-13,True,Charge democratic view write break moment job.
A0332,L0087,Demo,Synergized real-time budgetary management,2025-06-18,False,Citizen one return himself senior.
A0333,L0062,Meeting,Progressive systematic forecast,2025-06-14,False,South believe serious miss peace. Theory quite give very wide laugh.
A0334,L0186,Call,Secured intermediate focus group,2025-06-23,True,Church remain whom whom throw response.
A0335,L0149,Call,Networked upward-trending extranet,2025-06-08,True,Admit have get. Peace medical already day simple during.
A0336,L0084,Follow-up,Reverse-engineered neutral hierarchy,2025-08-01,False,Writer message community somebody home history. Also health art left outside.
A0337,L0148,Email,Cloned intermediate utilization,2025-07-19,True,Eight really international admit suffer region.
A0338,L0059,Demo,Decentralized needs-based workforce,2025-05-22,True,Affect million represent next. Thing although open one issue.
A0339,L0054,Call,Fundamental demand-driven architecture,2025-04-20,True,Professor same must consider blood.
A0340,L0186,Call,Fundamental cohesive success,2025-06-28,False,Born professor rather risk defense.
A0341,L0008,Demo,Switchable radical focus group,2025-06-03,False,Choose hand almost material. Study public reveal break place keep.
A0342,L0067,Meeting,Phased fresh-thinking matrix,2025-07-26,True,Appear president recently kitchen catch mission move. Operation the cover address central.
A0343,L0138,Email,Innovative bi-directional task-force,2025-06-22,False,Side feel TV off surface.
A0344,L0064,Follow-up,Multi-tiered reciprocal approach,2025-07-04,False,Return remember agent away guess. Specific memory huge decade write.
A0345,L0171,Email,Configurable homogeneous paradigm,2025-04-02,True,Through drive care.
A0346,L0087,Call,Adaptive 24hour data-warehouse,2025-06-22,True,Red security staff guess represent large figure. Nearly small quickly next.
A0347,L0189,Call,Down-sized 5thgeneration moderator,2025-07-30,True,Usually close activity prove current.
A0348,L0156,Follow-up,Optimized mission-critical secured line,2025-08-05,True,Method order coach huge month. Stock war fall.
A0349,L0170,Demo,Managed grid-enabled Internet solution,2025-07-21,True,Trade nation song responsibility cell maintain risk old.
A0350,L0058,Follow-up,De-engineered optimizing array,2025-04-12,True,Prevent whom skin policy beyond late. Draw reason floor environmental should.
A0351,L0153,Email,Integrated mobile success,2025-06-27,False,Win model onto subject practice contain dinner. Key argue recognize quality you.
A0352,L0114,Follow-up,Fully-configurable demand-driven system engine,2025-06-30,False,Range job hold air. Young owner power quality sell pass attack.
A0353,L0033,Meeting,Horizontal systematic project,2025-04-25,False,Tree sit pass customer thing. Professional right suffer artist choice.
A0354,L0052,Demo,Face-to-face web-enabled data-warehouse,2025-07-01,False,Somebody realize business. Because always week sound.
A0355,L0099,Demo,Multi-layered impactful orchestration,2025-05-24,False,Product decision onto such. Ability age single today.
A0356,L0090,Demo,Polarized methodical software,2025-03-25,True,Discussion TV campaign talk top clear. Meeting themselves nature thing.
A0357,L0188,Demo,Devolved client-driven benchmark,2025-06-15,True,Much business serve.
A0358,L0096,Email,Front-line asynchronous migration,2025-07-20,False,Most down anything article lose.
A0359,L0170,Meeting,Synergized motivating frame,2025-05-15,False,Else month such company while rate many entire.
A0360,L0134,Meeting,Inverse non-volatile contingency,2025-07-15,False,Word successful second standard daughter.
A0361,L0079,Meeting,Visionary encompassing middleware,2025-04-06,True,Interview none eye daughter film main.
A0362,L0067,Email,Polarized national open architecture,2025-04-11,False,Audience receive wonder teach tend dark.
A0363,L0025,Meeting,Front-line leadingedge approach,2025-03-26,True,One per serious treat. Student travel prevent air some social class suffer.
A0364,L0076,Demo,Monitored eco-centric middleware,2025-04-09,True,Career body whole dog. None than during term throughout personal firm.
A0365,L0197,Demo,Switchable hybrid system engine,2025-05-11,True,Hundred key medical fact child will as. Score marriage pretty care night east.
A0366,L0103,Email,Up-sized mobile help-desk,2025-03-18,False,Congress poor budget loss travel difficult anything.
A0367,L0025,Demo,Reverse-engineered heuristic infrastructure,2025-07-21,False,Number create door learn.
A0368,L0060,Call,Upgradable optimal analyzer,2025-04-24,True,End hotel poor purpose similar perform. Option involve exactly customer job.
A0369,L0144,Demo,Stand-alone intermediate synergy,2025-07-04,True,Enjoy cost necessary here. Best so why nor cold article should.
A0370,L0009,Call,Advanced well-modulated database,2025-07-13,True,Open animal population arm view. Country environment take.
A0371,L0081,Demo,Expanded impactful task-force,2025-05-15,True,Investment executive back leave land skill.
A0372,L0152,Meeting,Managed eco-centric Graphical User Interface,2025-07-02,True,Support concern detail degree easy others task.
A0373,L0176,Meeting,Object-based secondary array,2025-07-29,False,Type include could fish Democrat for language. Tree eight teacher.
A0374,L0149,Demo,Virtual dedicated parallelism,2025-03-28,True,Suddenly focus bank member. Their teach show the note.
A0375,L0025,Call,Reduced fault-tolerant budgetary management,2025-07-31,False,Message half energy look him interest article. Decade final why fast.
A0376,L0045,Email,Secured scalable utilization,2025-03-19,True,Their us another foreign.
A0377,L0169,Call,Implemented motivating system engine,2025-07-08,True,Toward still minute analysis push key important. Very center total air history role price.
A0378,L0142,Follow-up,Robust reciprocal hub,2025-06-14,True,Maintain price care already task watch. Training skill scientist.
A0379,L0183,Meeting,Intuitive real-time algorithm,2025-03-12,True,Want campaign option last.
A0380,L0076,Email,Organic cohesive architecture,2025-04-22,True,Movie this paper live include professor call.
A0381,L0094,Meeting,Multi-layered interactive orchestration,2025-07-07,False,Market very try other drug represent. Report say cause tough word management.
A0382,L0030,Call,Customer-focused intangible matrix,2025-05-01,True,Natural smile expert.
A0383,L0136,Meeting,Assimilated transitional orchestration,2025-07-03,False,Recent paper area daughter. Enjoy attention exactly measure.
A0384,L0104,Email,Balanced upward-trending matrices,2025-05-31,False,Seek last like could staff court.
A0385,L0074,Demo,Grass-roots hybrid functionalities,2025-06-23,False,Though heart and season play especially season year. Place kid employee free.
A0386,L0137,Call,Seamless system-worthy application,2025-04-18,False,Sense writer over this kind person same. Case last respond voice less subject around.
A0387,L0165,Call,Advanced bi-directional data-warehouse,2025-04-26,False,Analysis consumer any however writer. Society particular leader pressure local within.
A0388,L0158,Call,Synergized static artificial intelligence,2025-06-25,False,Institution either build word space. Class whose current I TV now box.
A0389,L0143,Call,Adaptive motivating product,2025-07-08,False,Local believe view.
A0390,L0036,Email,Intuitive exuding initiative,2025-04-11,False,Occur owner specific good lawyer increase. Top road carry interview charge suffer.
A0391,L0120,Meeting,Customizable zero tolerance database,2025-05-16,True,Cold never ready might quickly do own.
A0392,L0103,Email,Vision-oriented modular Local Area Network,2025-05-05,False,Film benefit type such fact maybe.
A0393,L0122,Demo,Decentralized background knowledgebase,2025-04-29,False,Weight produce candidate. Personal believe four yeah surface tax.
A0394,L0116,Follow-up,Digitized multi-state attitude,2025-03-31,False,Professor yeah often stop television hit.
A0395,L0049,Follow-up,Progressive 24/7 benchmark,2025-08-05,False,Lay war time professor.
A0396,L0067,Call,Pre-emptive multi-state system engine,2025-05-21,True,Medical green majority without will. Talk painting action.
A0397,L0150,Email,Progressive zero administration secured line,2025-07-03,False,Push take hair wife reality.
A0398,L0076,Email,Adaptive foreground success,2025-03-23,False,Minute successful effect safe TV.
A0399,L0138,Demo,Devolved asymmetric process improvement,2025-06-07,True,Everything difficult yet group recent. Loss move particular pressure.
A0400,L0004,Follow-up,De-engineered dedicated interface,2025-03-11,False,Those they control hospital material take.
A0401,L0011,Call,Fundamental system-worthy paradigm,2025-05-20,True,Collection national fly issue opportunity doctor customer. Anything white represent into little test forward difficult.
A0402,L0149,Call,Assimilated next generation function,2025-04-22,True,Most stand find value available spend.
A0403,L0109,Demo,Mandatory 5thgeneration ability,2025-08-02,False,Sometimes theory final. Tree break I.
A0404,L0153,Meeting,Public-key value-added throughput,2025-05-14,False,Protect must walk. Physical husband a out.
A0405,L0032,Follow-up,Profound web-enabled projection,2025-03-12,True,Ok close paper rise. Mouth health find field a serious every.
A0406,L0113,Call,Advanced actuating access,2025-06-05,False,Expert market go right.
A0407,L0116,Email,Extended static toolset,2025-05-22,True,Entire remain wonder start. Prevent idea character staff threat reality.
A0408,L0172,Call,Robust object-oriented capacity,2025-03-19,False,Herself herself growth memory.
A0409,L0001,Meeting,Robust fresh-thinking definition,2025-07-30,True,Push agreement live role item author last.
A0410,L0020,Call,Diverse homogeneous flexibility,2025-06-20,False,Half personal tax will pull radio cell. Partner to scene join.
A0411,L0045,Call,Grass-roots asynchronous task-force,2025-07-26,False,Degree her seven question apply event American.
A0412,L0147,Call,Mandatory cohesive task-force,2025-07-29,False,Suggest hear item land manager movement office possible.
A0413,L0056,Email,Face-to-face needs-based project,2025-07-22,False,Identify challenge run full north quite provide six. Despite fact building write.
A0414,L0170,Follow-up,Virtual intangible workforce,2025-04-06,False,Information role common anything help.
A0415,L0151,Call,Reverse-engineered high-level access,2025-04-29,False,Stand I strategy alone.
A0416,L0182,Call,Exclusive asynchronous architecture,2025-03-09,True,Very now teach nice. Into blood miss thus dinner.
A0417,L0086,Email,Streamlined user-facing forecast,2025-05-20,False,Paper threat yourself president. During myself sea religious consider court.
A0418,L0163,Follow-up,Robust 5thgeneration initiative,2025-03-19,True,Effort others serious style. Truth shoulder Democrat.
A0419,L0115,Demo,Sharable reciprocal product,2025-06-26,True,Clearly president song imagine box last.
A0420,L0117,Call,Expanded national process improvement,2025-07-26,True,Citizen race daughter clear.
A0421,L0014,Demo,Cloned local paradigm,2025-04-10,False,Would key family day family environment. Song prove statement institution state.
A0422,L0044,Call,Persistent upward-trending knowledge user,2025-06-25,False,Threat interest animal like. Box already compare character fact.
A0423,L0101,Email,Innovative exuding conglomeration,2025-04-02,False,Less hundred cultural international term mind fill.
A0424,L0084,Call,Reverse-engineered intangible structure,2025-08-03,True,Activity each dog.
A0425,L0078,Email,Versatile solution-oriented alliance,2025-07-29,False,Despite contain event air it agency. Design soon although southern spring value describe safe.
A0426,L0015,Call,Integrated encompassing solution,2025-06-29,True,Organization individual trade theory scientist game build. Hard you always quickly dog carry drug.
A0427,L0136,Follow-up,Stand-alone non-volatile flexibility,2025-07-27,False,Get certain amount director Congress take carry. Firm letter page evening money.
A0428,L0163,Follow-up,Organic system-worthy monitoring,2025-05-19,True,Decision commercial change home. Especially option son in.
A0429,L0011,Email,Ergonomic maximized methodology,2025-06-13,False,Note sure heavy building drive.
A0430,L0078,Meeting,Compatible uniform conglomeration,2025-05-11,True,Worry gas mother people painting different recently. Value once customer.
A0431,L0196,Meeting,Realigned foreground monitoring,2025-05-12,True,Day simple personal meeting shake family town.
A0432,L0026,Email,Horizontal explicit algorithm,2025-04-27,False,None much visit chair return. Lose national happen in.
A0433,L0181,Meeting,Organic zero-defect success,2025-07-30,True,Maybe sound letter turn arrive public.
A0434,L0175,Follow-up,Profound exuding definition,2025-06-15,True,Exist born receive measure be while card.
A0435,L0072,Demo,Customizable 24/7 system engine,2025-06-21,True,Hundred knowledge him.
A0436,L0033,Follow-up,Extended attitude-oriented toolset,2025-06-07,True,Baby check federal better left. Rate figure other girl now heart.
A0437,L0107,Meeting,Re-engineered real-time application,2025-03-23,False,Involve special alone most Republican media toward.
A0438,L0007,Demo,Function-based coherent flexibility,2025-07-09,True,Together drop right.
A0439,L0138,Demo,Visionary explicit Local Area Network,2025-05-27,False,Guy weight spend impact.
A0440,L0100,Email,Robust non-volatile hierarchy,2025-07-11,True,Skin part ability treat smile.
A0441,L0035,Meeting,Innovative reciprocal task-force,2025-05-06,False,Stop tax great keep that shake also. Also yard remain not ten west.
A0442,L0136,Demo,Total optimizing concept,2025-06-24,True,Worker reach although game. Away science how adult smile down.
A0443,L0063,Meeting,Pre-emptive uniform moderator,2025-05-13,False,Deal picture every oil remember despite of program. Indeed its option receive letter.
A0444,L0002,Call,Realigned systemic installation,2025-05-25,False,Unit how serious truth benefit region action.
A0445,L0059,Email,Decentralized directional groupware,2025-03-14,False,More wall follow question appear amount. Part trade situation give easy.
A0446,L0155,Follow-up,Intuitive coherent task-force,2025-07-22,False,Security step energy to easy. South memory media role fact newspaper conference.
A0447,L0130,Demo,User-centric eco-centric pricing structure,2025-04-04,True,Not maintain that tree customer assume. Key whole life another people.
A0448,L0130,Follow-up,Seamless zero tolerance challenge,2025-04-19,False,Peace each event relationship score ground prevent.
A0449,L0054,Call,Assimilated encompassing data-warehouse,2025-04-25,True,Read push happen month. Begin sometimes figure director arrive man project.
A0450,L0168,Email,Multi-layered 3rdgeneration paradigm,2025-05-16,True,When human religious season much mean performance.
A0451,L0130,Meeting,Profit-focused systematic throughput,2025-06-13,True,Action significant throughout throw. Theory box bar hour they.
A0452,L0082,Email,Public-key empowering workforce,2025-06-14,False,Expect country current mouth behavior thought. During trouble physical firm office.
A0453,L0105,Email,Customer-focused next generation algorithm,2025-06-15,False,Thank return act future adult tonight.
A0454,L0056,Call,Public-key local utilization,2025-07-10,True,Realize player purpose board and. Make serious past once none.
A0455,L0110,Call,Multi-layered contextually-based attitude,2025-05-01,True,Rest various fish fill now control among least. If none throughout person recognize arrive.
A0456,L0125,Meeting,Future-proofed tertiary open system,2025-05-21,True,Himself my career. Artist lose suggest religious.
A0457,L0165,Demo,Stand-alone demand-driven matrix,2025-05-20,False,Discuss create network hundred above theory. Customer discussion happy total.
A0458,L0129,Demo,Up-sized background matrix,2025-06-05,True,Expect style behind.
A0459,L0177,Email,Quality-focused neutral orchestration,2025-04-27,True,Type step take so film organization ten forget.
A0460,L0006,Meeting,Exclusive dedicated open architecture,2025-07-12,False,Then evening the phone scene they.
A0461,L0173,Meeting,Reactive homogeneous Local Area Network,2025-05-30,True,Speak here like think production weight one those. Account former friend toward.
A0462,L0150,Email,Cross-group mobile task-force,2025-04-13,False,Fight job surface choose case draw. Successful yet political.
A0463,L0165,Call,Distributed system-worthy circuit,2025-04-15,True,Cost begin speak likely. Hotel reason these style stage mother add side.
A0464,L0102,Email,Cross-group well-modulated methodology,2025-03-29,True,Young wish red subject thought hot. Edge inside both open special material election.
A0465,L0118,Email,Re-contextualized optimal collaboration,2025-05-09,False,Kitchen president camera ok. Base toward always stand.
A0466,L0037,Call,Function-based bifurcated complexity,2025-04-20,True,To approach identify. Letter well recognize budget instead voice.
A0467,L0183,Follow-up,Re-contextualized impactful monitoring,2025-04-02,False,City risk picture which around. Law history ok training.
A0468,L0018,Demo,Up-sized actuating strategy,2025-06-12,True,Center member source interview. More age industry challenge model such.
A0469,L0145,Meeting,User-friendly object-oriented projection,2025-03-13,False,Memory put have test cause note.
A0470,L0117,Call,Persevering intermediate workforce,2025-07-17,True,List their expert sister really.
A0471,L0044,Meeting,Optimized bottom-line workforce,2025-06-15,False,Newspaper wall development test only. Raise reveal product song hand lead represent value.
A0472,L0006,Demo,Fully-configurable 5thgeneration standardization,2025-05-17,False,Across short machine tax move. Task evidence together series author.
A0473,L0088,Email,Realigned eco-centric conglomeration,2025-04-06,False,Military picture step our.
A0474,L0064,Demo,Profound stable time-frame,2025-04-25,False,System everything nature. Southern yeah seat three return tonight together.
A0475,L0099,Call,Visionary dynamic encryption,2025-03-19,False,Him perform science light society result. Machine almost rich majority quality beat fear.
A0476,L0138,Call,Cloned dedicated core,2025-07-12,True,Pressure spend of teach history. Guess team data piece.
A0477,L0019,Call,Customer-focused 24/7 interface,2025-06-25,True,Paper point however.
A0478,L0083,Meeting,Reduced dynamic migration,2025-04-22,False,Cup teach can the.
A0479,L0016,Meeting,Open-architected well-modulated definition,2025-06-01,True,That commercial staff remember have. Story minute relate any attorney hot.
A0480,L0040,Follow-up,Visionary multi-state migration,2025-08-05,True,Sometimes writer way case office since commercial in. Own manage laugh out foreign.
A0481,L0062,Call,User-friendly intangible algorithm,2025-04-01,True,Material share analysis information.
A0482,L0069,Demo,Automated mobile capability,2025-07-12,False,Long policy decision tax success century. Price yourself listen subject style candidate simple standard.
A0483,L0043,Demo,Business-focused fault-tolerant encoding,2025-05-23,False,Government television character country but.
A0484,L0147,Email,User-centric 3rdgeneration Internet solution,2025-04-25,False,Individual rather bar meeting how seat gun million.
A0485,L0179,Meeting,Centralized object-oriented access,2025-05-06,True,Glass cell they assume management consider final. Vote start detail decision cut age data threat.
A0486,L0014,Call,Optimized directional database,2025-06-24,True,Its learn because institution. Range herself operation investment.
A0487,L0197,Demo,Optional 4thgeneration hardware,2025-05-08,False,Account player art. Nation you mother all style.
A0488,L0187,Follow-up,Monitored local attitude,2025-05-17,False,Actually a run edge treatment and.
A0489,L0005,Demo,Adaptive systemic neural-net,2025-04-24,False,Sea before language water.
A0490,L0007,Meeting,Balanced cohesive productivity,2025-05-12,False,Determine whom manage team. Bad strong whatever bring identify smile later.
A0491,L0181,Call,Optional bandwidth-monitored initiative,2025-07-04,False,Cost administration management politics air.
A0492,L0118,Email,Advanced leadingedge standardization,2025-04-14,False,Must little positive tough avoid reach customer.
A0493,L0108,Meeting,Phased disintermediate flexibility,2025-05-11,True,Turn without visit TV.
A0494,L0048,Meeting,Networked optimal circuit,2025-07-17,False,Choose official thing.
A0495,L0159,Demo,Profit-focused disintermediate superstructure,2025-03-19,False,Chance sport agree.
A0496,L0035,Email,Enterprise-wide neutral budgetary management,2025-07-27,False,Break drop likely chance. Recognize address difference real toward want clearly black.
A0497,L0162,Demo,Right-sized object-oriented extranet,2025-06-27,True,Model ready letter increase. Speak tax lawyer.
A0498,L0081,Demo,Cross-group client-server array,2025-03-12,False,Write set floor crime school. It support nice wait agreement individual.
A0499,L0044,Follow-up,Implemented optimal success,2025-06-11,False,Project lawyer environment million evening purpose.
A0500,L0094,Demo,Fundamental motivating complexity,2025-07-12,True,Environment people behind middle price senior myself.
