ItemNo,ItemName,UnitPrice,Inventory,Category,IsActive
P001,Talk Product 1,56.86,574,Books,True
P002,Expert Product 2,151.93,438,Books,False
P003,General Product 3,78.78,141,Books,False
P004,Some Product 4,27.27,48,Electronics,True
P005,Recent Product 5,129.21,811,Sports,False
P006,Nor Product 6,123.32,394,Toys,False
P007,Its Product 7,110.53,994,Books,True
P008,Friend Product 8,139.25,117,Sports,True
P009,White Product 9,156.03,348,Electronics,True
P010,Popular Product 10,92.61,464,Electronics,True
P011,Religious Product 11,194.66,780,Clothing,True
P012,Yes Product 12,175.4,305,Sports,True
P013,President Product 13,39.04,780,Clothing,True
P014,Movement Product 14,123.8,500,Electronics,True
P015,Indicate Product 15,186.53,899,Home,True
P016,Make Product 16,21.01,899,Books,True
P017,Training Product 17,26.27,497,Electronics,True
P018,Painting Product 18,34.39,486,Books,True
P019,New Product 19,60.36,893,Books,False
P020,Body Product 20,193.23,951,Books,True
P021,Day Product 21,145.46,408,Sports,True
P022,Send Product 22,93.24,529,Toys,True
P023,Hope Product 23,57.1,65,Home,True
P024,Party Product 24,121.78,235,Books,True
P025,Sing Product 25,11.37,724,Sports,True
P026,Concern Product 26,53.5,927,Electronics,True
P027,Return Product 27,23.46,243,Home,False
P028,Hope Product 28,50.7,135,Sports,False
P029,World Product 29,56.17,484,Toys,True
P030,Write Product 30,27.92,674,Toys,True
P031,Specific Product 31,90.48,478,Sports,True
P032,Executive Product 32,137.94,661,Electronics,True
P033,Go Product 33,86.5,347,Electronics,True
P034,Certainly Product 34,46.4,549,Toys,True
P035,Moment Product 35,90.16,285,Toys,True
P036,Source Product 36,176.15,77,Toys,True
P037,Around Product 37,19.61,553,Electronics,True
P038,Thing Product 38,186.01,869,Clothing,True
P039,More Product 39,87.22,492,Clothing,False
P040,Nature Product 40,181.46,168,Toys,True
P041,Simply Product 41,197.21,271,Toys,True
P042,Success Product 42,90.37,980,Sports,False
P043,Test Product 43,39.41,303,Clothing,True
P044,Field Product 44,120.04,555,Electronics,True
P045,Close Product 45,20.86,598,Toys,True
P046,Detail Product 46,20.81,520,Electronics,True
P047,Consider Product 47,23.02,69,Sports,True
P048,How Product 48,86.72,964,Books,True
P049,Gas Product 49,119.99,40,Books,True
P050,Resource Product 50,89.65,597,Books,True
P051,Teacher Product 51,187.59,209,Sports,True
P052,American Product 52,55.35,405,Clothing,True
P053,Once Product 53,96.87,951,Electronics,True
P054,Attack Product 54,97.07,576,Electronics,True
P055,Manager Product 55,112.15,518,Home,True
P056,Agency Product 56,187.32,902,Electronics,True
P057,Newspaper Product 57,80.21,161,Toys,True
P058,Financial Product 58,126.22,826,Sports,True
P059,Go Product 59,136.89,567,Home,True
P060,Consumer Product 60,188.4,137,Home,True
P061,Movie Product 61,179.05,760,Books,True
P062,Consider Product 62,61.75,619,Clothing,True
P063,Happen Product 63,48.68,649,Home,False
P064,Somebody Product 64,57.71,929,Electronics,True
P065,Represent Product 65,130.51,849,Home,True
P066,Personal Product 66,10.67,789,Clothing,True
P067,Capital Product 67,40.7,452,Books,False
P068,Hit Product 68,116.57,114,Electronics,True
P069,Table Product 69,113.66,854,Home,True
P070,Left Product 70,91.66,42,Home,True
P071,Exactly Product 71,180.81,815,Electronics,True
P072,Wife Product 72,49.91,255,Sports,True
P073,Health Product 73,77.2,573,Toys,True
P074,Democratic Product 74,185.9,242,Clothing,True
P075,Recent Product 75,177.47,25,Clothing,True
P076,Western Product 76,158.65,421,Sports,True
P077,Item Product 77,60.69,806,Sports,True
P078,Score Product 78,82.68,39,Toys,True
P079,Sort Product 79,47.92,940,Toys,True
P080,Likely Product 80,67.99,814,Clothing,True
P081,Focus Product 81,14.5,197,Toys,True
P082,Role Product 82,62.93,71,Home,True
P083,Enjoy Product 83,131.88,409,Sports,True
P084,Wait Product 84,188.46,118,Home,True
P085,Or Product 85,120.31,271,Electronics,True
P086,Research Product 86,123.35,353,Sports,True
P087,Task Product 87,92.91,523,Electronics,False
P088,Three Product 88,180.91,194,Home,True
P089,Over Product 89,144.67,1,Books,True
P090,Table Product 90,79.2,71,Sports,True
P091,Itself Product 91,128.4,679,Electronics,True
P092,Culture Product 92,106.35,682,Toys,True
P093,Film Product 93,86.46,302,Books,True
P094,Appear Product 94,46.45,680,Toys,True
P095,Note Product 95,126.95,308,Toys,True
P096,Beat Product 96,67.74,215,Toys,True
P097,Leave Product 97,98.35,452,Sports,True
P098,Worry Product 98,107.12,812,Sports,True
P099,Pattern Product 99,135.18,290,Books,True
P100,Pm Product 100,27.74,974,Clothing,True
P101,Ten Product 101,52.68,203,Clothing,True
P102,Realize Product 102,18.78,486,Books,True
P103,Letter Product 103,96.53,907,Sports,True
P104,Perhaps Product 104,146.49,393,Toys,False
P105,Just Product 105,56.36,671,Sports,True
P106,Very Product 106,179.61,881,Electronics,False
P107,Size Product 107,51.58,823,Sports,False
P108,Long Product 108,19.54,255,Electronics,False
P109,Suggest Product 109,35.33,475,Sports,True
P110,Role Product 110,190.51,912,Toys,False
P111,Left Product 111,167.81,561,Toys,True
P112,Apply Product 112,151.29,486,Toys,True
P113,Like Product 113,152.84,860,Sports,True
P114,Low Product 114,155.5,533,Toys,True
P115,Matter Product 115,62.17,79,Sports,True
P116,Right Product 116,54.55,343,Home,True
P117,Enjoy Product 117,36.29,236,Toys,True
P118,Field Product 118,144.22,65,Toys,False
P119,Evidence Product 119,72.87,477,Toys,True
P120,Tonight Product 120,49.3,430,Toys,True
P121,Young Product 121,172.78,783,Books,False
P122,Part Product 122,100.63,965,Home,True
P123,Fight Product 123,153.16,873,Toys,True
P124,Serious Product 124,102.76,279,Toys,False
P125,Begin Product 125,15.51,344,Sports,False
P126,Same Product 126,147.59,860,Toys,True
P127,Site Product 127,196.34,546,Electronics,False
P128,Organization Product 128,122.46,678,Electronics,True
P129,Lay Product 129,132.12,138,Toys,True
P130,Personal Product 130,19.55,388,Home,True
P131,Administration Product 131,96.39,345,Toys,True
P132,Election Product 132,152.88,851,Toys,True
P133,List Product 133,168.63,481,Electronics,True
P134,Growth Product 134,199.98,358,Clothing,True
P135,Common Product 135,158.43,667,Electronics,True
P136,Perhaps Product 136,190.43,204,Electronics,True
P137,Reach Product 137,55.32,484,Sports,True
P138,Indeed Product 138,117.15,223,Toys,True
P139,So Product 139,155.71,171,Books,True
P140,Science Product 140,157.78,167,Home,True
P141,Color Product 141,119.95,951,Home,False
P142,Stop Product 142,85.36,732,Clothing,True
P143,Data Product 143,122.5,850,Sports,True
P144,Serve Product 144,29.36,791,Home,True
P145,Dinner Product 145,161.28,579,Electronics,True
P146,Here Product 146,111.22,677,Home,True
P147,Worker Product 147,106.13,349,Electronics,False
P148,Likely Product 148,166.24,108,Toys,True
P149,See Product 149,130.76,848,Toys,True
P150,Walk Product 150,92.74,751,Books,True
P151,Level Product 151,127.02,941,Books,False
P152,Use Product 152,98.33,845,Sports,True
P153,Phone Product 153,71.24,251,Electronics,True
P154,Positive Product 154,177.51,249,Toys,False
P155,Cell Product 155,73.92,506,Home,True
P156,One Product 156,102.63,363,Home,True
P157,Let Product 157,63.14,610,Sports,True
P158,Apply Product 158,115.6,529,Clothing,True
P159,Store Product 159,55.86,416,Toys,True
P160,Democratic Product 160,141.22,661,Sports,False
P161,Follow Product 161,95.15,17,Electronics,True
P162,Result Product 162,52.1,708,Clothing,True
P163,Maybe Product 163,136.15,377,Toys,True
P164,Able Product 164,90.85,763,Books,True
P165,Experience Product 165,76.84,464,Home,True
P166,Within Product 166,57.77,123,Sports,True
P167,If Product 167,69.95,760,Books,True
P168,Professional Product 168,46.39,756,Toys,True
P169,Certainly Product 169,147.67,1000,Books,True
P170,Help Product 170,196.3,852,Clothing,True
P171,Specific Product 171,53.22,183,Home,True
P172,Show Product 172,144.52,129,Home,True
P173,Decision Product 173,195.12,566,Home,True
P174,Plan Product 174,131.2,770,Toys,True
P175,Still Product 175,175.82,587,Home,False
P176,Wife Product 176,100.96,348,Clothing,True
P177,Difficult Product 177,57.97,882,Toys,True
P178,Everybody Product 178,166.2,410,Toys,True
P179,White Product 179,119.63,702,Electronics,True
P180,Week Product 180,38.35,576,Home,True
P181,Prevent Product 181,198.84,121,Books,False
P182,Few Product 182,125.2,809,Books,True
P183,Class Product 183,157.38,389,Toys,False
P184,Over Product 184,66.5,602,Toys,True
P185,Into Product 185,118.04,61,Books,True
P186,Million Product 186,190.04,212,Sports,True
P187,These Product 187,60.28,83,Clothing,True
P188,Series Product 188,43.02,76,Clothing,True
P189,Collection Product 189,87.62,705,Books,False
P190,Responsibility Product 190,65.34,237,Home,True
P191,Consider Product 191,143.57,464,Electronics,True
P192,Back Product 192,185.54,806,Sports,True
P193,Stock Product 193,90.78,557,Clothing,True
P194,Long Product 194,182.6,846,Clothing,True
P195,Age Product 195,21.33,811,Home,True
P196,Author Product 196,93.44,479,Sports,True
P197,Wrong Product 197,142.95,965,Home,False
P198,Mention Product 198,93.17,612,Electronics,False
P199,Able Product 199,149.56,618,Home,True
P200,Popular Product 200,27.35,984,Sports,True
